{
  "selected_model": "random_forest",
  "cv_scores": {
    "logistic_regression": {
      "scores": [
        1.0,
        1.0,
        0.9743589743589743,
        1.0,
        1.0
      ],
      "mean_f1": 0.9948717948717949,
      "std_f1": 0.010256410256410265
    },
    "decision_tree": {
      "scores": [
        1.0,
        0.9873417721518988,
        0.961038961038961,
        1.0,
        0.9629629629629629
      ],
      "mean_f1": 0.9822687392307646,
      "std_f1": 0.01719271566290653
    },
    "random_forest": {
      "scores": [
        1.0,
        1.0,
        0.9873417721518988,
        1.0,
        0.9876543209876543
      ],
      "mean_f1": 0.9949992186279106,
      "std_f1": 0.006125478771053541
    },
    "svc_rbf": {
      "scores": [
        1.0,
        1.0,
        0.9873417721518988,
        0.9873417721518988,
        0.9873417721518988
      ],
      "mean_f1": 0.9924050632911392,
      "std_f1": 0.006201239855147265
    }
  },
  "accuracy": 0.9875,
  "precision": 0.9803921568627451,
  "recall": 1.0,
  "f1": 0.9900990099009901,
  "confusion_matrix": [
    [
      50,
      0
    ],
    [
      1,
      29
    ]
  ],
  "labels": [
    "ckd",
    "notckd"
  ],
  "roc_auc": 1.0
}